id,tier,metric,target,reward_gems,name_key,desc_key
loot_cogs,1,cogs_looted_total,100000,10,ach.loot_cogs.name,ach.loot_cogs.desc
loot_cogs,2,cogs_looted_total,5000000,50,ach.loot_cogs.name,ach.loot_cogs.desc
loot_cogs,3,cogs_looted_total,50000000,200,ach.loot_cogs.name,ach.loot_cogs.desc
loot_sap,1,sap_looted_total,100000,10,ach.loot_sap.name,ach.loot_sap.desc
loot_sap,2,sap_looted_total,5000000,50,ach.loot_sap.name,ach.loot_sap.desc
loot_sap,3,sap_looted_total,50000000,200,ach.loot_sap.name,ach.loot_sap.desc
win_battles,1,attack_wins,10,10,ach.win_battles.name,ach.win_battles.desc
win_battles,2,attack_wins,100,50,ach.win_battles.name,ach.win_battles.desc
win_battles,3,attack_wins,1000,200,ach.win_battles.name,ach.win_battles.desc
earn_stars,1,stars_total,30,10,ach.earn_stars.name,ach.earn_stars.desc
earn_stars,2,stars_total,300,50,ach.earn_stars.name,ach.earn_stars.desc
earn_stars,3,stars_total,3000,250,ach.earn_stars.name,ach.earn_stars.desc
raze_defenses,1,defenses_destroyed,25,10,ach.raze_defenses.name,ach.raze_defenses.desc
raze_defenses,2,defenses_destroyed,250,50,ach.raze_defenses.name,ach.raze_defenses.desc
raze_defenses,3,defenses_destroyed,2500,200,ach.raze_defenses.name,ach.raze_defenses.desc
hold_the_line,1,defense_wins,5,10,ach.hold_the_line.name,ach.hold_the_line.desc
hold_the_line,2,defense_wins,50,50,ach.hold_the_line.name,ach.hold_the_line.desc
hold_the_line,3,defense_wins,500,200,ach.hold_the_line.name,ach.hold_the_line.desc
tidy_up,1,obstacles_cleared,10,5,ach.tidy_up.name,ach.tidy_up.desc
tidy_up,2,obstacles_cleared,100,30,ach.tidy_up.name,ach.tidy_up.desc
tidy_up,3,obstacles_cleared,500,100,ach.tidy_up.name,ach.tidy_up.desc
lantern_rising,1,hall_level,3,20,ach.lantern_rising.name,ach.lantern_rising.desc
lantern_rising,2,hall_level,6,60,ach.lantern_rising.name,ach.lantern_rising.desc
lantern_rising,3,hall_level,10,200,ach.lantern_rising.name,ach.lantern_rising.desc
trophy_hunter,1,trophies_best,400,15,ach.trophy_hunter.name,ach.trophy_hunter.desc
trophy_hunter,2,trophies_best,1200,60,ach.trophy_hunter.name,ach.trophy_hunter.desc
trophy_hunter,3,trophies_best,3200,200,ach.trophy_hunter.name,ach.trophy_hunter.desc
campaign_walker,1,campaign_stars,15,15,ach.campaign_walker.name,ach.campaign_walker.desc
campaign_walker,2,campaign_stars,45,45,ach.campaign_walker.name,ach.campaign_walker.desc
campaign_walker,3,campaign_stars,75,120,ach.campaign_walker.name,ach.campaign_walker.desc
spellcaster,1,spells_cast,25,5,ach.spellcaster.name,ach.spellcaster.desc
spellcaster,2,spells_cast,250,20,ach.spellcaster.name,ach.spellcaster.desc
spellcaster,3,spells_cast,2500,60,ach.spellcaster.name,ach.spellcaster.desc
barracks_busy,1,troops_trained,100,5,ach.barracks_busy.name,ach.barracks_busy.desc
barracks_busy,2,troops_trained,1000,20,ach.barracks_busy.name,ach.barracks_busy.desc
barracks_busy,3,troops_trained,10000,60,ach.barracks_busy.name,ach.barracks_busy.desc
builder_hands,1,upgrades_done,10,10,ach.builder_hands.name,ach.builder_hands.desc
builder_hands,2,upgrades_done,100,40,ach.builder_hands.name,ach.builder_hands.desc
builder_hands,3,upgrades_done,500,120,ach.builder_hands.name,ach.builder_hands.desc
wall_wrecker,1,walls_destroyed,100,5,ach.wall_wrecker.name,ach.wall_wrecker.desc
wall_wrecker,2,walls_destroyed,1000,20,ach.wall_wrecker.name,ach.wall_wrecker.desc
wall_wrecker,3,walls_destroyed,10000,60,ach.wall_wrecker.name,ach.wall_wrecker.desc
shard_seeker,1,shards_collected,1000,10,ach.shard_seeker.name,ach.shard_seeker.desc
shard_seeker,2,shards_collected,50000,50,ach.shard_seeker.name,ach.shard_seeker.desc
shard_seeker,3,shards_collected,1000000,150,ach.shard_seeker.name,ach.shard_seeker.desc
join_the_hall,1,clan_joined,1,10,ach.join_the_hall.name,ach.join_the_hall.desc
