id,level,req_hall,cost_res,cost,cost_shards,time_s,xp,hp,dps,damage_per_shot,interval_s,range_min,range_max,targets,splash_radius,priority,size,chain_targets,chain_falloff,slow_fraction,slow_seconds
boltpost,1,1,cogs,250,0,10,3,380,12,7.2,0.6,0,8,ground+air,0,nearest,2,,,,
boltpost,2,2,cogs,621,0,30,5,449,14,8.4,0.6,0,8,ground+air,0,nearest,2,,,,
boltpost,3,3,cogs,1540,0,300,17,530,16,9.9,0.6,0,8,ground+air,0,nearest,2,,,,
boltpost,4,4,cogs,3830,0,1800,42,626,19,11.5,0.6,0,8,ground+air,0,nearest,2,,,,
boltpost,5,5,cogs,9520,0,7200,84,740,22,13.5,0.6,0,8,ground+air,0,nearest,2,,,,
boltpost,6,6,cogs,23600,0,21600,146,874,26,15.8,0.6,0,8,ground+air,0,nearest,2,,,,
boltpost,7,7,cogs,58700,0,43200,207,1030,31,18.5,0.6,0,8,ground+air,0,nearest,2,,,,
boltpost,8,8,cogs,146000,800,64800,254,1220,36,21.6,0.6,0,8,ground+air,0,nearest,2,,,,
boltpost,9,9,cogs,362000,2000,86400,293,1440,42,25.3,0.6,0,8,ground+air,0,nearest,2,,,,
boltpost,10,10,cogs,900000,4500,130000,360,1700,49,29.6,0.6,0,8,ground+air,0,nearest,2,,,,
lobber,1,2,cogs,800,0,10,3,400,8,28.0,3.5,3,11,ground,1.6,highest_hp_cluster,3,,,,
lobber,2,2,cogs,1800,0,30,5,473,9,32.8,3.5,3,11,ground,1.6,highest_hp_cluster,3,,,,
lobber,3,3,cogs,4060,0,300,17,559,11,38.3,3.5,3,11,ground,1.6,highest_hp_cluster,3,,,,
lobber,4,4,cogs,9160,0,1800,42,660,13,44.8,3.5,3,11,ground,1.6,highest_hp_cluster,3,,,,
lobber,5,5,cogs,20600,0,7200,84,781,15,52.5,3.5,3,11,ground,1.6,highest_hp_cluster,3,,,,
lobber,6,6,cogs,46500,0,21600,146,922,18,61.4,3.5,3,11,ground,1.6,highest_hp_cluster,3,,,,
lobber,7,7,cogs,105000,0,43200,207,1090,21,71.8,3.5,3,11,ground,1.6,highest_hp_cluster,3,,,,
lobber,8,8,cogs,236000,800,64800,254,1290,24,84.0,3.5,3,11,ground,1.6,highest_hp_cluster,3,,,,
lobber,9,9,cogs,532000,2000,86400,293,1520,28,98.3,3.5,3,11,ground,1.6,highest_hp_cluster,3,,,,
lobber,10,10,cogs,1200000,4500,130000,360,1800,33,115.0,3.5,3,11,ground,1.6,highest_hp_cluster,3,,,,
skyspear,1,3,cogs,500,0,10,3,360,22,17.6,0.8,0,10,air,0,nearest_air,2,,,,
skyspear,2,3,cogs,1180,0,30,5,425,26,20.6,0.8,0,10,air,0,nearest_air,2,,,,
skyspear,3,4,cogs,2770,0,300,17,501,30,24.1,0.8,0,10,air,0,nearest_air,2,,,,
skyspear,4,5,cogs,6500,0,1800,42,592,35,28.2,0.8,0,10,air,0,nearest_air,2,,,,
skyspear,5,6,cogs,15300,0,7200,84,699,41,33.0,0.8,0,10,air,0,nearest_air,2,,,,
skyspear,6,7,cogs,36000,0,21600,146,825,48,38.6,0.8,0,10,air,0,nearest_air,2,,,,
skyspear,7,7,cogs,84600,0,43200,207,973,56,45.1,0.8,0,10,air,0,nearest_air,2,,,,
skyspear,8,8,cogs,199000,800,64800,254,1150,66,52.8,0.8,0,10,air,0,nearest_air,2,,,,
skyspear,9,9,cogs,468000,2000,86400,293,1360,77,61.8,0.8,0,10,air,0,nearest_air,2,,,,
skyspear,10,10,cogs,1100000,4500,130000,360,1600,90,72.3,0.8,0,10,air,0,nearest_air,2,,,,
arc_coil,1,4,cogs,3000,0,10,3,520,30,30.0,1.0,0,7,ground,0,lowest_hp,2,3,0.25,,
arc_coil,2,4,cogs,6030,0,36,6,613,35,35.1,1.0,0,7,ground,0,lowest_hp,2,3,0.25,,
arc_coil,3,5,cogs,12100,0,360,18,724,41,41.1,1.0,0,7,ground,0,lowest_hp,2,3,0.25,,
arc_coil,4,6,cogs,24300,0,2160,46,854,48,48.0,1.0,0,7,ground,0,lowest_hp,2,3,0.25,,
arc_coil,5,6,cogs,48900,0,8640,92,1010,56,56.2,1.0,0,7,ground,0,lowest_hp,2,3,0.25,,
arc_coil,6,7,cogs,98200,0,25900,160,1190,66,65.8,1.0,0,7,ground,0,lowest_hp,2,3,0.25,,
arc_coil,7,8,cogs,197000,0,51800,227,1400,77,77.0,1.0,0,7,ground,0,lowest_hp,2,3,0.25,,
arc_coil,8,8,cogs,396000,800,77800,278,1650,90,90.0,1.0,0,7,ground,0,lowest_hp,2,3,0.25,,
arc_coil,9,9,cogs,796000,2000,104000,322,1950,105,105.3,1.0,0,7,ground,0,lowest_hp,2,3,0.25,,
arc_coil,10,10,cogs,1600000,4500,156000,394,2300,123,123.3,1.0,0,7,ground,0,lowest_hp,2,3,0.25,,
ballista,1,5,cogs,8000,0,10,3,700,16,19.2,1.2,2,14,ground+air,0,farthest_in_range,3,,,,
ballista,2,5,cogs,14800,0,42,6,826,19,22.5,1.2,2,14,ground+air,0,farthest_in_range,3,,,,
ballista,3,6,cogs,27300,0,420,20,974,22,26.3,1.2,2,14,ground+air,0,farthest_in_range,3,,,,
ballista,4,6,cogs,50400,0,2520,50,1150,26,30.8,1.2,2,14,ground+air,0,farthest_in_range,3,,,,
ballista,5,7,cogs,93100,0,10100,100,1360,30,36.0,1.2,2,14,ground+air,0,farthest_in_range,3,,,,
ballista,6,8,cogs,172000,0,30200,173,1600,35,42.1,1.2,2,14,ground+air,0,farthest_in_range,3,,,,
ballista,7,8,cogs,317000,0,60500,245,1890,41,49.3,1.2,2,14,ground+air,0,farthest_in_range,3,,,,
ballista,8,9,cogs,586000,800,90700,301,2230,48,57.6,1.2,2,14,ground+air,0,farthest_in_range,3,,,,
ballista,9,9,cogs,1080000,2000,121000,347,2630,56,67.4,1.2,2,14,ground+air,0,farthest_in_range,3,,,,
ballista,10,10,cogs,2000000,4500,181000,425,3100,66,78.9,1.2,2,14,ground+air,0,farthest_in_range,3,,,,
thumper,1,6,cogs,20000,0,10,3,900,45,157.5,3.5,0,6,ground,0,highest_hp,3,,,,
thumper,2,6,cogs,34000,0,48,6,1060,53,184.3,3.5,0,6,ground,0,highest_hp,3,,,,
thumper,3,7,cogs,58000,0,480,21,1250,62,215.6,3.5,0,6,ground,0,highest_hp,3,,,,
thumper,4,7,cogs,98600,0,2880,53,1470,72,252.3,3.5,0,6,ground,0,highest_hp,3,,,,
thumper,5,8,cogs,168000,0,11500,107,1730,84,295.1,3.5,0,6,ground,0,highest_hp,3,,,,
thumper,6,8,cogs,286000,0,34600,186,2030,99,345.3,3.5,0,6,ground,0,highest_hp,3,,,,
thumper,7,9,cogs,487000,0,69100,262,2390,115,404.0,3.5,0,6,ground,0,highest_hp,3,,,,
thumper,8,9,cogs,828000,800,104000,322,2820,135,472.7,3.5,0,6,ground,0,highest_hp,3,,,,
thumper,9,10,cogs,1410000,2000,138000,371,3310,158,553.1,3.5,0,6,ground,0,highest_hp,3,,,,
thumper,10,10,cogs,2400000,4500,207000,454,3900,185,647.1,3.5,0,6,ground,0,highest_hp,3,,,,
frost_spire,1,7,cogs,40000,0,10,3,600,9,9.0,1.0,0,6,ground+air,2.5,nearest,2,,,0.3,2.0
frost_spire,2,7,cogs,63300,0,48,6,706,11,10.5,1.0,0,6,ground+air,2.5,nearest,2,,,0.33,2.0
frost_spire,3,7,cogs,100000,0,480,21,831,12,12.3,1.0,0,6,ground+air,2.5,nearest,2,,,0.36,2.0
frost_spire,4,8,cogs,159000,0,2880,53,978,14,14.4,1.0,0,6,ground+air,2.5,nearest,2,,,0.39,2.0
frost_spire,5,8,cogs,251000,0,11500,107,1150,17,16.9,1.0,0,6,ground+air,2.5,nearest,2,,,0.42,2.0
frost_spire,6,9,cogs,398000,0,34600,186,1360,20,19.7,1.0,0,6,ground+air,2.5,nearest,2,,,0.45,2.0
frost_spire,7,9,cogs,630000,0,69100,262,1590,23,23.1,1.0,0,6,ground+air,2.5,nearest,2,,,0.47,2.0
frost_spire,8,9,cogs,997000,800,104000,322,1880,27,27.0,1.0,0,6,ground+air,2.5,nearest,2,,,0.49,2.0
frost_spire,9,10,cogs,1580000,2000,138000,371,2210,32,31.6,1.0,0,6,ground+air,2.5,nearest,2,,,0.5,2.0
frost_spire,10,10,cogs,2500000,4500,207000,454,2600,37,37.0,1.0,0,6,ground+air,2.5,nearest,2,,,0.5,2.0
cinder_spout,1,8,cogs,80000,0,10,3,800,95,19.0,0.2,0,4,ground,0,nearest,2,,,,
cinder_spout,2,8,cogs,120000,0,54,7,943,111,22.23,0.2,0,4,ground,0,nearest,2,,,,
cinder_spout,3,8,cogs,179000,0,540,23,1110,130,26.01,0.2,0,4,ground,0,nearest,2,,,,
cinder_spout,4,8,cogs,268000,0,3240,56,1310,152,30.43,0.2,0,4,ground,0,nearest,2,,,,
cinder_spout,5,9,cogs,401000,0,13000,114,1540,178,35.6,0.2,0,4,ground,0,nearest,2,,,,
cinder_spout,6,9,cogs,599000,0,38900,197,1820,208,41.66,0.2,0,4,ground,0,nearest,2,,,,
cinder_spout,7,9,cogs,896000,0,77800,278,2140,244,48.74,0.2,0,4,ground,0,nearest,2,,,,
cinder_spout,8,10,cogs,1340000,800,117000,342,2520,285,57.02,0.2,0,4,ground,0,nearest,2,,,,
cinder_spout,9,10,cogs,2010000,2000,156000,394,2970,334,66.72,0.2,0,4,ground,0,nearest,2,,,,
cinder_spout,10,10,cogs,3000000,4500,233000,482,3500,390,78.06,0.2,0,4,ground,0,nearest,2,,,,
storm_pylon,1,9,cogs,150000,0,10,3,900,40,48.0,1.2,0,11,air,2.0,nearest_air_cluster,3,,,,
storm_pylon,2,9,cogs,213000,0,60,7,1060,47,56.2,1.2,0,11,air,2.0,nearest_air_cluster,3,,,,
storm_pylon,3,9,cogs,302000,0,600,24,1250,55,65.7,1.2,0,11,air,2.0,nearest_air_cluster,3,,,,
storm_pylon,4,9,cogs,429000,0,3600,60,1470,64,76.9,1.2,0,11,air,2.0,nearest_air_cluster,3,,,,
storm_pylon,5,9,cogs,608000,0,14400,120,1730,75,89.9,1.2,0,11,air,2.0,nearest_air_cluster,3,,,,
storm_pylon,6,10,cogs,863000,0,43200,207,2030,88,105.2,1.2,0,11,air,2.0,nearest_air_cluster,3,,,,
storm_pylon,7,10,cogs,1220000,0,86400,293,2390,103,123.1,1.2,0,11,air,2.0,nearest_air_cluster,3,,,,
storm_pylon,8,10,cogs,1740000,800,130000,360,2820,120,144.1,1.2,0,11,air,2.0,nearest_air_cluster,3,,,,
storm_pylon,9,10,cogs,2470000,2000,173000,415,3310,140,168.5,1.2,0,11,air,2.0,nearest_air_cluster,3,,,,
storm_pylon,10,10,cogs,3500000,4500,259000,508,3900,164,197.2,1.2,0,11,air,2.0,nearest_air_cluster,3,,,,
