id,level,req_hall,cost_res,cost,cost_shards,time_s,xp,hp,prod_per_hour,capacity
cog_mine,1,1,sap,120,0,10,3,250,200,1600
cog_mine,2,2,sap,282,0,21,4,295,276,2210
cog_mine,3,3,sap,663,0,210,14,347,381,3050
cog_mine,4,4,sap,1560,0,1260,35,410,526,4210
cog_mine,5,5,sap,3660,0,5040,70,483,725,5800
cog_mine,6,6,sap,8600,0,15100,122,569,1000,8000
cog_mine,7,7,sap,20200,0,30200,173,671,1380,11000
cog_mine,8,8,sap,47500,0,45400,213,791,1910,15300
cog_mine,9,9,sap,112000,0,60500,245,933,2630,21000
cog_mine,10,10,sap,262000,0,90700,301,1100,3630,29000
sap_well,1,1,cogs,120,0,10,3,250,200,1600
sap_well,2,2,cogs,282,0,21,4,295,276,2210
sap_well,3,3,cogs,663,0,210,14,347,381,3050
sap_well,4,4,cogs,1560,0,1260,35,410,526,4210
sap_well,5,5,cogs,3660,0,5040,70,483,725,5800
sap_well,6,6,cogs,8600,0,15100,122,569,1000,8000
sap_well,7,7,cogs,20200,0,30200,173,671,1380,11000
sap_well,8,8,cogs,47500,0,45400,213,791,1910,15300
sap_well,9,9,cogs,112000,0,60500,245,933,2630,21000
sap_well,10,10,cogs,262000,0,90700,301,1100,3630,29000
shard_drill,1,5,sap,20000,0,10,3,400,25,200
shard_drill,2,6,sap,40700,0,42,6,498,36,288
shard_drill,3,7,sap,82900,0,420,20,621,53,424
shard_drill,4,8,sap,169000,0,2520,50,773,76,608
shard_drill,5,9,sap,344000,0,10100,100,963,111,888
shard_drill,6,10,sap,700000,0,30200,173,1200,160,1280
