hall_level,cog_mine,sap_well,shard_drill,cog_vault,sap_cistern,shard_crate,barracks,army_camp,laboratory,spell_forge,clan_hall,boltpost,lobber,skyspear,arc_coil,ballista,thumper,frost_spire,cinder_spout,storm_pylon,wall,bomb_trap,spring_pad,snare_trap,air_mine
1,2,2,0,1,1,0,1,1,0,0,0,1,0,0,0,0,0,0,0,0,25,0,0,0,0
2,3,3,0,1,1,0,1,1,0,0,0,2,1,0,0,0,0,0,0,0,50,1,0,0,0
3,4,4,0,2,2,0,1,2,1,0,0,2,1,1,0,0,0,0,0,0,75,1,2,0,0
4,5,5,0,2,2,0,1,2,1,0,1,3,2,1,1,0,0,0,0,0,100,2,2,1,0
5,6,6,1,3,3,1,1,3,1,1,1,3,2,2,1,1,0,0,0,0,125,2,3,1,1
6,6,6,1,3,3,1,1,3,1,1,1,4,3,2,2,1,1,0,0,0,150,3,3,2,1
7,7,7,2,4,4,1,1,4,1,1,1,4,3,3,2,2,1,1,0,0,175,3,4,2,2
8,7,7,2,4,4,2,1,4,1,1,1,5,4,3,3,2,2,1,1,0,200,4,4,2,2
9,7,7,3,4,4,2,1,4,1,1,1,5,4,4,3,3,2,2,1,1,225,4,5,3,3
10,8,8,3,4,4,2,1,4,1,1,1,6,4,4,3,3,2,2,2,2,250,4,5,3,3
