id,level,lab_req,cost_res,cost,time_s,xp
cogling,2,2,sap,6000,600,24
cogling,3,3,sap,18000,3600,60
cogling,4,4,sap,48000,14400,120
cogling,5,5,sap,120000,43200,207
cogling,6,6,sap,240000,86400,293
cogling,7,7,sap,450000,130000,360
cogling,8,8,sap,720000,173000,415
slingwisp,2,2,sap,7000,600,24
slingwisp,3,3,sap,21000,3600,60
slingwisp,4,4,sap,56000,14400,120
slingwisp,5,5,sap,140000,43200,207
slingwisp,6,6,sap,280000,86400,293
slingwisp,7,7,sap,525000,130000,360
slingwisp,8,8,sap,840000,173000,415
bulwark,2,2,sap,9000,600,24
bulwark,3,3,sap,27000,3600,60
bulwark,4,4,sap,72000,14400,120
bulwark,5,5,sap,180000,43200,207
bulwark,6,6,sap,360000,86400,293
bulwark,7,7,sap,675000,130000,360
bulwark,8,8,sap,1080000,173000,415
magpie,2,2,sap,7500,600,24
magpie,3,3,sap,22500,3600,60
magpie,4,4,sap,60000,14400,120
magpie,5,5,sap,150000,43200,207
magpie,6,6,sap,300000,86400,293
magpie,7,7,sap,562000,130000,360
magpie,8,8,sap,900000,173000,415
kegger,2,2,sap,8000,600,24
kegger,3,3,sap,24000,3600,60
kegger,4,4,sap,64000,14400,120
kegger,5,5,sap,160000,43200,207
kegger,6,6,sap,320000,86400,293
kegger,7,7,sap,600000,130000,360
kegger,8,8,sap,960000,173000,415
rustjaw,2,2,sap,10000,600,24
rustjaw,3,3,sap,30000,3600,60
rustjaw,4,4,sap,80000,14400,120
rustjaw,5,5,sap,200000,43200,207
rustjaw,6,6,sap,400000,86400,293
rustjaw,7,7,sap,750000,130000,360
rustjaw,8,8,sap,1200000,173000,415
kitewing,2,2,sap,10000,600,24
kitewing,3,3,sap,30000,3600,60
kitewing,4,4,sap,80000,14400,120
kitewing,5,5,sap,200000,43200,207
kitewing,6,6,sap,400000,86400,293
kitewing,7,7,sap,750000,130000,360
kitewing,8,8,sap,1200000,173000,415
mender,2,2,sap,11500,600,24
mender,3,3,sap,34500,3600,60
mender,4,4,sap,92000,14400,120
mender,5,5,sap,230000,43200,207
mender,6,6,sap,460000,86400,293
mender,7,7,sap,862000,130000,360
mender,8,8,sap,1380000,173000,415
dirigible,2,2,sap,13000,600,24
dirigible,3,3,sap,39000,3600,60
dirigible,4,4,sap,104000,14400,120
dirigible,5,5,sap,260000,43200,207
dirigible,6,6,sap,520000,86400,293
dirigible,7,7,sap,975000,130000,360
dirigible,8,8,sap,1560000,173000,415
ember_warden,2,2,shards,300,780,27
ember_warden,3,3,shards,600,4680,68
ember_warden,4,4,shards,1200,18700,136
ember_warden,5,5,shards,2400,56200,236
ember_warden,6,6,shards,4800,112000,335
