id,level,req_hall,cost_res,cost,cost_shards,time_s,xp,hp,troops_unlocked,army_capacity,max_troop_level,spell_slots,clan_slots
barracks,1,1,sap,150,0,10,3,450,cogling,,,,
barracks,2,2,sap,369,0,36,6,531,"cogling,slingwisp",,,,
barracks,3,3,sap,910,0,360,18,627,"cogling,slingwisp,bulwark",,,,
barracks,4,4,sap,2240,0,2160,46,740,"cogling,slingwisp,bulwark,magpie",,,,
barracks,5,5,sap,5520,0,8640,92,873,"cogling,slingwisp,bulwark,magpie,kegger",,,,
barracks,6,6,sap,13600,0,25900,160,1030,"cogling,slingwisp,bulwark,magpie,kegger,rustjaw",,,,
barracks,7,7,sap,33500,0,51800,227,1220,"cogling,slingwisp,bulwark,magpie,kegger,rustjaw,kitewing",,,,
barracks,8,8,sap,82400,0,77800,278,1440,"cogling,slingwisp,bulwark,magpie,kegger,rustjaw,kitewing,mender",,,,
barracks,9,9,sap,203000,0,104000,322,1690,"cogling,slingwisp,bulwark,magpie,kegger,rustjaw,kitewing,mender,dirigible",,,,
barracks,10,10,sap,500000,0,156000,394,2000,"cogling,slingwisp,bulwark,magpie,kegger,rustjaw,kitewing,mender,dirigible,ember_warden",,,,
army_camp,1,1,sap,250,0,10,3,400,,20,,,
army_camp,2,2,sap,717,0,24,4,462,,25,,,
army_camp,3,3,sap,2060,0,240,15,534,,30,,,
army_camp,4,4,sap,5900,0,1440,37,617,,35,,,
army_camp,5,6,sap,16900,0,5760,75,713,,40,,,
army_camp,6,7,sap,48600,0,17300,131,824,,45,,,
army_camp,7,8,sap,139000,0,34600,186,952,,50,,,
army_camp,8,9,sap,400000,0,51800,227,1100,,55,,,
laboratory,1,3,sap,5000,0,10,3,600,,,1,,
laboratory,2,4,sap,12100,0,54,7,713,,,2,,
laboratory,3,5,sap,29500,0,540,23,846,,,3,,
laboratory,4,6,sap,71700,0,3240,56,1010,,,4,,
laboratory,5,7,sap,174000,0,13000,114,1190,,,5,,
laboratory,6,8,sap,423000,0,38900,197,1420,,,6,,
laboratory,7,9,sap,1030000,0,77800,278,1680,,,7,,
laboratory,8,10,sap,2500000,0,117000,342,2000,,,8,,
spell_forge,1,5,sap,40000,0,10,3,550,,,,2,
spell_forge,2,6,sap,99000,0,48,6,707,,,,3,
spell_forge,3,7,sap,245000,0,480,21,908,,,,4,
spell_forge,4,8,sap,606000,0,2880,53,1170,,,,5,
spell_forge,5,9,sap,1500000,0,11500,107,1500,,,,6,
clan_hall,1,4,cogs,15000,0,10,3,600,,,,,5
clan_hall,2,5,cogs,40500,0,30,5,767,,,,,10
clan_hall,3,6,cogs,110000,0,300,17,980,,,,,15
clan_hall,4,8,cogs,296000,0,1800,42,1250,,,,,20
clan_hall,5,9,cogs,800000,0,7200,84,1600,,,,,25
