id,level,req_hall,cost_res,cost,cost_shards,time_s,xp,hp,capacity
cog_vault,1,1,sap,200,0,10,3,500,1500
cog_vault,2,2,sap,487,0,27,5,595,3500
cog_vault,3,3,sap,1190,0,270,16,709,9000
cog_vault,4,4,sap,2880,0,1620,40,843,25000
cog_vault,5,5,sap,7020,0,6480,80,1000,60000
cog_vault,6,6,sap,17100,0,19400,139,1200,130000
cog_vault,7,7,sap,41600,0,38900,197,1420,260000
cog_vault,8,8,sap,101000,0,58300,241,1690,480000
cog_vault,9,9,sap,246000,0,77800,278,2020,800000
cog_vault,10,10,sap,600000,0,117000,342,2400,1200000
sap_cistern,1,1,cogs,200,0,10,3,500,1500
sap_cistern,2,2,cogs,487,0,27,5,595,3500
sap_cistern,3,3,cogs,1190,0,270,16,709,9000
sap_cistern,4,4,cogs,2880,0,1620,40,843,25000
sap_cistern,5,5,cogs,7020,0,6480,80,1000,60000
sap_cistern,6,6,cogs,17100,0,19400,139,1200,130000
sap_cistern,7,7,cogs,41600,0,38900,197,1420,260000
sap_cistern,8,8,cogs,101000,0,58300,241,1690,480000
sap_cistern,9,9,cogs,246000,0,77800,278,2020,800000
sap_cistern,10,10,cogs,600000,0,117000,342,2400,1200000
shard_crate,1,5,cogs,30000,0,10,3,500,1000
shard_crate,2,6,cogs,52700,0,36,6,646,1780
shard_crate,3,7,cogs,92400,0,360,18,835,3180
shard_crate,4,8,cogs,162000,0,2160,46,1080,5660
shard_crate,5,9,cogs,285000,0,8640,92,1390,10100
shard_crate,6,10,cogs,500000,0,25900,160,1800,18000
