id,level,req_hall,cost_res,cost,cost_shards,time_s,xp,trigger_radius,effect_radius,targets,effect,size,rearm_cost,damage,launch_max_space,freeze_seconds
bomb_trap,1,2,cogs,400,0,10,3,1.5,1.5,ground,area_damage,1,80,60,,
bomb_trap,2,3,cogs,1260,0,15,3,1.5,1.5,ground,area_damage,1,253,81,,
bomb_trap,3,5,cogs,4000,0,150,12,1.5,1.5,ground,area_damage,1,800,110,,
bomb_trap,4,7,cogs,12600,0,900,30,1.5,1.5,ground,area_damage,1,2530,148,,
bomb_trap,5,9,cogs,40000,0,3600,60,1.5,1.5,ground,area_damage,1,8000,200,,
spring_pad,1,3,cogs,500,0,10,3,1.0,0.8,ground,launch_troops_up_to_space,1,100,,12,
spring_pad,2,4,cogs,1650,0,15,3,1.0,0.8,ground,launch_troops_up_to_space,1,331,,14,
spring_pad,3,6,cogs,5480,0,150,12,1.0,0.8,ground,launch_troops_up_to_space,1,1100,,17,
spring_pad,4,7,cogs,18100,0,900,30,1.0,0.8,ground,launch_troops_up_to_space,1,3630,,20,
spring_pad,5,9,cogs,60000,0,3600,60,1.0,0.8,ground,launch_troops_up_to_space,1,12000,,24,
snare_trap,1,4,cogs,2000,0,10,3,2.0,3.5,ground,freeze_seconds,2,400,,,3.0
snare_trap,2,5,cogs,5890,0,18,4,2.0,3.5,ground,freeze_seconds,2,1180,,,3.4
snare_trap,3,6,cogs,17300,0,180,13,2.0,3.5,ground,freeze_seconds,2,3460,,,3.9
snare_trap,4,8,cogs,51000,0,1080,32,2.0,3.5,ground,freeze_seconds,2,10200,,,4.4
snare_trap,5,9,cogs,150000,0,4320,65,2.0,3.5,ground,freeze_seconds,2,30000,,,5.0
air_mine,1,5,cogs,3000,0,10,3,2.0,2.5,air,air_burst,1,600,250,,
air_mine,2,6,cogs,8570,0,18,4,2.0,2.5,air,air_burst,1,1710,354,,
air_mine,3,7,cogs,24500,0,180,13,2.0,2.5,air,air_burst,1,4900,500,,
air_mine,4,8,cogs,70000,0,1080,32,2.0,2.5,air,air_burst,1,14000,707,,
air_mine,5,9,cogs,200000,0,4320,65,2.0,2.5,air,air_burst,1,40000,1000,,
