id,level,role,size,hp,dps,speed,range,flying,targets,preference,cost_res,cost,train_s,barracks_req,lab_req,special,blast_damage,heal_per_s
cogling,1,melee_basic,1,45,11,2.0,0.6,False,ground,any,sap,25,10,1,0,,,
cogling,2,melee_basic,1,51,13,2.0,0.6,False,ground,any,sap,32,10,1,2,,,
cogling,3,melee_basic,1,57,14,2.0,0.6,False,ground,any,sap,42,11,1,3,,,
cogling,4,melee_basic,1,65,16,2.0,0.6,False,ground,any,sap,55,11,1,4,,,
cogling,5,melee_basic,1,73,19,2.0,0.6,False,ground,any,sap,71,12,1,5,,,
cogling,6,melee_basic,1,83,21,2.0,0.6,False,ground,any,sap,93,12,1,6,,,
cogling,7,melee_basic,1,94,24,2.0,0.6,False,ground,any,sap,121,12,1,7,,,
cogling,8,melee_basic,1,106,28,2.0,0.6,False,ground,any,sap,157,13,1,8,,,
slingwisp,1,ranged,1,33,14,2.2,5.0,False,ground+air,any,sap,45,15,2,0,,,
slingwisp,2,ranged,1,37,16,2.2,5.0,False,ground+air,any,sap,58,16,2,2,,,
slingwisp,3,ranged,1,42,18,2.2,5.0,False,ground+air,any,sap,76,16,2,3,,,
slingwisp,4,ranged,1,48,21,2.2,5.0,False,ground+air,any,sap,99,17,2,4,,,
slingwisp,5,ranged,1,54,24,2.2,5.0,False,ground+air,any,sap,129,17,2,5,,,
slingwisp,6,ranged,1,61,27,2.2,5.0,False,ground+air,any,sap,167,18,2,6,,,
slingwisp,7,ranged,1,69,31,2.2,5.0,False,ground+air,any,sap,217,19,2,7,,,
slingwisp,8,ranged,1,78,35,2.2,5.0,False,ground+air,any,sap,282,19,2,8,,,
bulwark,1,tank,5,420,18,1.4,0.8,False,ground,defenses,sap,250,90,3,0,taunt_radius_3,,
bulwark,2,tank,5,475,21,1.4,0.8,False,ground,defenses,sap,325,94,3,2,taunt_radius_3,,
bulwark,3,tank,5,536,23,1.4,0.8,False,ground,defenses,sap,423,97,3,3,taunt_radius_3,,
bulwark,4,tank,5,606,27,1.4,0.8,False,ground,defenses,sap,549,101,3,4,taunt_radius_3,,
bulwark,5,tank,5,685,30,1.4,0.8,False,ground,defenses,sap,714,104,3,5,taunt_radius_3,,
bulwark,6,tank,5,774,35,1.4,0.8,False,ground,defenses,sap,928,108,3,6,taunt_radius_3,,
bulwark,7,tank,5,874,40,1.4,0.8,False,ground,defenses,sap,1210,112,3,7,taunt_radius_3,,
bulwark,8,tank,5,988,45,1.4,0.8,False,ground,defenses,sap,1570,115,3,8,taunt_radius_3,,
magpie,1,looter,1,28,17,3.4,0.6,False,ground,resources,sap,60,14,4,0,x2_damage_vs_resource_buildings,,
magpie,2,looter,1,32,19,3.4,0.6,False,ground,resources,sap,78,15,4,2,x2_damage_vs_resource_buildings,,
magpie,3,looter,1,36,22,3.4,0.6,False,ground,resources,sap,101,15,4,3,x2_damage_vs_resource_buildings,,
magpie,4,looter,1,40,25,3.4,0.6,False,ground,resources,sap,132,16,4,4,x2_damage_vs_resource_buildings,,
magpie,5,looter,1,46,29,3.4,0.6,False,ground,resources,sap,171,16,4,5,x2_damage_vs_resource_buildings,,
magpie,6,looter,1,52,33,3.4,0.6,False,ground,resources,sap,223,17,4,6,x2_damage_vs_resource_buildings,,
magpie,7,looter,1,58,37,3.4,0.6,False,ground,resources,sap,290,17,4,7,x2_damage_vs_resource_buildings,,
magpie,8,looter,1,66,43,3.4,0.6,False,ground,resources,sap,376,18,4,8,x2_damage_vs_resource_buildings,,
kegger,1,wall_breaker,2,22,0,2.6,0.5,False,ground,walls,sap,120,30,5,0,suicide_blast_60_x40_vs_walls_radius_1.2,60,
kegger,2,wall_breaker,2,25,0,2.6,0.5,False,ground,walls,sap,156,31,5,2,suicide_blast_60_x40_vs_walls_radius_1.2,68,
kegger,3,wall_breaker,2,28,0,2.6,0.5,False,ground,walls,sap,203,32,5,3,suicide_blast_60_x40_vs_walls_radius_1.2,78,
kegger,4,wall_breaker,2,32,0,2.6,0.5,False,ground,walls,sap,264,34,5,4,suicide_blast_60_x40_vs_walls_radius_1.2,89,
kegger,5,wall_breaker,2,36,0,2.6,0.5,False,ground,walls,sap,343,35,5,5,suicide_blast_60_x40_vs_walls_radius_1.2,101,
kegger,6,wall_breaker,2,41,0,2.6,0.5,False,ground,walls,sap,446,36,5,6,suicide_blast_60_x40_vs_walls_radius_1.2,116,
kegger,7,wall_breaker,2,46,0,2.6,0.5,False,ground,walls,sap,579,37,5,7,suicide_blast_60_x40_vs_walls_radius_1.2,132,
kegger,8,wall_breaker,2,52,0,2.6,0.5,False,ground,walls,sap,753,38,5,8,suicide_blast_60_x40_vs_walls_radius_1.2,150,
rustjaw,1,anti_defense,4,270,36,3.0,0.8,False,ground,defenses,sap,300,120,6,0,hops_over_walls;x1.5_damage_vs_defenses,,
rustjaw,2,anti_defense,4,305,41,3.0,0.8,False,ground,defenses,sap,390,125,6,2,hops_over_walls;x1.5_damage_vs_defenses,,
rustjaw,3,anti_defense,4,345,47,3.0,0.8,False,ground,defenses,sap,507,130,6,3,hops_over_walls;x1.5_damage_vs_defenses,,
rustjaw,4,anti_defense,4,390,53,3.0,0.8,False,ground,defenses,sap,659,134,6,4,hops_over_walls;x1.5_damage_vs_defenses,,
rustjaw,5,anti_defense,4,440,61,3.0,0.8,False,ground,defenses,sap,857,139,6,5,hops_over_walls;x1.5_damage_vs_defenses,,
rustjaw,6,anti_defense,4,497,69,3.0,0.8,False,ground,defenses,sap,1110,144,6,6,hops_over_walls;x1.5_damage_vs_defenses,,
rustjaw,7,anti_defense,4,562,79,3.0,0.8,False,ground,defenses,sap,1450,149,6,7,hops_over_walls;x1.5_damage_vs_defenses,,
rustjaw,8,anti_defense,4,635,90,3.0,0.8,False,ground,defenses,sap,1880,154,6,8,hops_over_walls;x1.5_damage_vs_defenses,,
kitewing,1,flyer,2,95,26,3.2,0.8,True,ground,any,sap,180,45,7,0,,,
kitewing,2,flyer,2,107,30,3.2,0.8,True,ground,any,sap,234,47,7,2,,,
kitewing,3,flyer,2,121,34,3.2,0.8,True,ground,any,sap,304,49,7,3,,,
kitewing,4,flyer,2,137,39,3.2,0.8,True,ground,any,sap,395,50,7,4,,,
kitewing,5,flyer,2,155,44,3.2,0.8,True,ground,any,sap,514,52,7,5,,,
kitewing,6,flyer,2,175,50,3.2,0.8,True,ground,any,sap,668,54,7,6,,,
kitewing,7,flyer,2,198,57,3.2,0.8,True,ground,any,sap,869,56,7,7,,,
kitewing,8,flyer,2,223,65,3.2,0.8,True,ground,any,sap,1130,58,7,8,,,
mender,1,healer,8,520,0,2.0,0.0,True,none,allies,sap,800,300,8,0,heal_per_s=48;heal_radius=3;heals_ground_only,,48
mender,2,healer,8,588,0,2.0,0.0,True,none,allies,sap,1040,312,8,2,heal_per_s=48;heal_radius=3;heals_ground_only,,55
mender,3,healer,8,664,0,2.0,0.0,True,none,allies,sap,1350,324,8,3,heal_per_s=48;heal_radius=3;heals_ground_only,,62
mender,4,healer,8,750,0,2.0,0.0,True,none,allies,sap,1760,336,8,4,heal_per_s=48;heal_radius=3;heals_ground_only,,71
mender,5,healer,8,848,0,2.0,0.0,True,none,allies,sap,2280,348,8,5,heal_per_s=48;heal_radius=3;heals_ground_only,,81
mender,6,healer,8,958,0,2.0,0.0,True,none,allies,sap,2970,360,8,6,heal_per_s=48;heal_radius=3;heals_ground_only,,92
mender,7,healer,8,1080,0,2.0,0.0,True,none,allies,sap,3860,372,8,7,heal_per_s=48;heal_radius=3;heals_ground_only,,105
mender,8,healer,8,1220,0,2.0,0.0,True,none,allies,sap,5020,384,8,8,heal_per_s=48;heal_radius=3;heals_ground_only,,120
dirigible,1,heavy_flyer,10,1900,34,1.1,1.0,True,ground,defenses,sap,2800,480,9,0,splash_radius_1.5,,
dirigible,2,heavy_flyer,10,2150,39,1.1,1.0,True,ground,defenses,sap,3640,499,9,2,splash_radius_1.5,,
dirigible,3,heavy_flyer,10,2430,44,1.1,1.0,True,ground,defenses,sap,4730,518,9,3,splash_radius_1.5,,
dirigible,4,heavy_flyer,10,2740,50,1.1,1.0,True,ground,defenses,sap,6150,538,9,4,splash_radius_1.5,,
dirigible,5,heavy_flyer,10,3100,57,1.1,1.0,True,ground,defenses,sap,8000,557,9,5,splash_radius_1.5,,
dirigible,6,heavy_flyer,10,3500,65,1.1,1.0,True,ground,defenses,sap,10400,576,9,6,splash_radius_1.5,,
dirigible,7,heavy_flyer,10,3960,75,1.1,1.0,True,ground,defenses,sap,13500,595,9,7,splash_radius_1.5,,
dirigible,8,heavy_flyer,10,4470,85,1.1,1.0,True,ground,defenses,sap,17600,614,9,8,splash_radius_1.5,,
ember_warden,1,elite,20,3600,95,1.6,0.9,False,ground,defenses,shards,45,1800,10,0,lantern_surge:at_50pct_hp_+50pct_dps_and_heal_25pct_over_4s_once,,
ember_warden,2,elite,20,4070,108,1.6,0.9,False,ground,defenses,shards,56,1870,10,2,lantern_surge:at_50pct_hp_+50pct_dps_and_heal_25pct_over_4s_once,,
ember_warden,3,elite,20,4600,123,1.6,0.9,False,ground,defenses,shards,70,1940,10,3,lantern_surge:at_50pct_hp_+50pct_dps_and_heal_25pct_over_4s_once,,
ember_warden,4,elite,20,5190,141,1.6,0.9,False,ground,defenses,shards,88,2020,10,4,lantern_surge:at_50pct_hp_+50pct_dps_and_heal_25pct_over_4s_once,,
ember_warden,5,elite,20,5870,160,1.6,0.9,False,ground,defenses,shards,110,2090,10,5,lantern_surge:at_50pct_hp_+50pct_dps_and_heal_25pct_over_4s_once,,
ember_warden,6,elite,20,6630,183,1.6,0.9,False,ground,defenses,shards,137,2160,10,6,lantern_surge:at_50pct_hp_+50pct_dps_and_heal_25pct_over_4s_once,,
