keys,en,it
ach.barracks_busy.desc,Train %s troops,Addestra %s truppe
ach.barracks_busy.name,Busy Barracks,Caserma operosa
ach.builder_hands.desc,Complete %s upgrades,Completa %s potenziamenti
ach.builder_hands.name,Builder's Hands,Mani d'oro
ach.campaign_walker.desc,Earn %s campaign stars,Ottieni %s stelle nella campagna
ach.campaign_walker.name,Gloom Walker,Viandante d'Ombra
ach.earn_stars.desc,Earn %s stars in battle,Ottieni %s stelle in battaglia
ach.earn_stars.name,Star Collector,Collezionista di stelle
ach.hold_the_line.desc,Win %s defenses,Vinci %s difese
ach.hold_the_line.name,Hold the Line,Tieni la linea
ach.join_the_hall.desc,Join or create a clan (%s),Entra o crea un clan (%s)
ach.join_the_hall.name,Together,Insieme
ach.lantern_rising.desc,Upgrade the Mother Lantern to level %s,Porta il Faro Madre al livello %s
ach.lantern_rising.name,Rising Lantern,Lanterna nascente
ach.loot_cogs.desc,Loot %s Cogs in total,Saccheggia %s Cogs in totale
ach.loot_cogs.name,Cog Raider,Predatore di Cogs
ach.loot_sap.desc,Loot %s Sap in total,Saccheggia %s Sap in totale
ach.loot_sap.name,Sap Raider,Predatore di Sap
ach.raze_defenses.desc,Destroy %s defenses,Distruggi %s difese
ach.raze_defenses.name,Tower Breaker,Abbattitorri
ach.shard_seeker.desc,Collect %s Starshards,Raccogli %s Starshards
ach.shard_seeker.name,Shard Seeker,Cercatore di Shard
ach.spellcaster.desc,Cast %s spells,Lancia %s incantesimi
ach.spellcaster.name,Spellcaster,Incantatore
ach.tidy_up.desc,Clear %s obstacles,Rimuovi %s ostacoli
ach.tidy_up.name,Tidy Island,Isola in ordine
ach.trophy_hunter.desc,Reach %s trophies,Raggiungi %s trofei
ach.trophy_hunter.name,Trophy Hunter,Cacciatore di trofei
ach.wall_wrecker.desc,Destroy %s walls,Distruggi %s mura
ach.wall_wrecker.name,Wall Wrecker,Sfondamura
ach.win_battles.desc,Win %s attacks,Vinci %s attacchi
ach.win_battles.name,Conqueror,Conquistatore
act.cancel,Cancel,Annulla
act.clan,Clan,Clan
act.collect,Collect,Raccogli
act.info,Info,Info
act.move_title,Move building,Sposta edificio
act.rearm,Rearm traps,Riarma trappole
act.remove,Remove,Rimuovi
act.research,Research,Ricerca
act.speedup,Speed up,Accelera
act.spells,Spells,Incantesimi
act.train,Train,Addestra
act.upgrade,Upgrade,Potenzia
act.wall_hint,drag from the wall to draw a line,trascina dal muro per tracciare una fila
act.walls_all,Upgrade all,Potenzia tutte
army.finish_now,Finish now,Completa ora
army.queue_empty,Training queue empty,Coda di addestramento vuota
army.ready_hint,Ready army (tap - or drag out to remove; drag a card here to add),Esercito pronto (tocca - o trascina fuori per rimuovere; trascina qui una carta per aggiungere)
army.req_barracks,Barracks Lv %d,Caserma Lv %d
army.req_forge,Forge Lv %d,Forgia Lv %d
army.space,Space,Spazio
army.spells_title,Spells,Incantesimi
army.tab.spell,Spells,Incantesimi
army.tab.troop,Troops,Truppe
army.title,Army,Esercito
attack.campaign,Campaign: the Gloomtide,Campagna: la Marea d'Ombra
attack.find,Find a match,Cerca avversario
attack.locked,Win the previous level first,Vinci prima il livello precedente
attack.no_army,Train some troops first!,Addestra prima delle truppe!
attack.pvp,Multiplayer,Multigiocatore
attack.pvp_desc,Raid other Lanternkeepers' villages: steal Cogs and Sap and win trophies.,Assalta i villaggi di altri Lanternari: ruba Cogs e Sap e vinci trofei.
attack.shield_warning,Attacking removes your shield.,Attaccare rimuove il tuo scudo.
attack.title,Attack,Attacca
attack.your_army,Your army,Il tuo esercito
battle.cannot_deploy,You can't deploy here,Non puoi schierare qui
battle.destruction,Destruction: %d%%,Distruzione: %d%%
battle.end,End battle,Termina
battle.ends_in,Battle ends in,La battaglia termina tra
battle.home,Return home,Torna a casa
battle.loot_available,Available loot:,Bottino disponibile:
battle.next,Next,Prossimo
battle.replay,Replay,Replay
battle.scouting,Scouting: the battle starts in,Ricognizione: la battaglia inizia tra
battle.surrender_confirm,End the battle now? Troops already deployed are lost.,Terminare la battaglia adesso? Le truppe schierate vanno perse.
boot.loading,Loading...,Caricamento...
builders.buy,Hire builder #%d,Ingaggia il costruttore n. %d
builders.count,Free builders: %d / %d,Costruttori liberi: %d / %d
builders.max,You have all the builders!,Hai già tutti i costruttori!
builders.queue,Queued jobs: %d,Lavori in coda: %d
builders.title,Builders,Costruttori
building.air_mine,Air Mine,Mina Aerea
building.arc_coil,Arc Coil,Bobina d'Arco
building.army_camp,Army Camp,Accampamento
building.ballista,Ballista,Balista
building.barracks,Barracks,Caserma
building.boltpost,Boltpost,Torre Dardo
building.bomb_trap,Bomb Trap,Bomba
building.boulder,Boulder,Masso
building.cinder_spout,Cinder Spout,Bocca di Brace
building.clan_hall,Clan Hall,Sala del Clan
building.cog_mine,Cog Mine,Miniera di Cogs
building.cog_vault,Cog Vault,Deposito di Cogs
building.frost_spire,Frost Spire,Guglia di Gelo
building.glowshroom,Glowshroom,Fungo Luminoso
building.laboratory,Laboratory,Laboratorio
building.lantern_hall,Mother Lantern,Faro Madre
building.lobber,Lobber,Lanciamortai
building.moon_crystal,Moon Crystal,Cristallo Lunare
building.sap_cistern,Sap Cistern,Cisterna di Sap
building.sap_well,Sap Well,Pozzo di Sap
building.sapling,Sapling,Alberello
building.shard_crate,Shard Crate,Cassa di Shard
building.shard_drill,Shard Drill,Trivella di Shard
building.skyspear,Skyspear,Lancia Celeste
building.snare_trap,Snare Trap,Laccio
building.spell_forge,Spell Forge,Forgia degli Incantesimi
building.spring_pad,Spring Pad,Molla
building.storm_pylon,Storm Pylon,Pilone della Tempesta
building.thumper,Thumper,Martellone
building.wall,Wall,Muro
campaign.01.name,Mossy Gate,Cancello Muschioso
campaign.02.name,Pebble Hollow,Conca dei Ciottoli
campaign.03.name,Dewdrop Farm,Fattoria della Rugiada
campaign.04.name,Cricket Hill,Collina dei Grilli
campaign.05.name,Thistle Fort,Forte dei Cardi
campaign.06.name,Mudwater Docks,Moli Fangosi
campaign.07.name,Rustbucket Yard,Cortile Arrugginito
campaign.08.name,Hornet Ridge,Cresta dei Calabroni
campaign.09.name,Fungus Fen,Palude dei Funghi
campaign.10.name,The Gearmill,Il Mulino degli Ingranaggi
campaign.11.name,Brambleback,Schienarovo
campaign.12.name,Cobweb Cliffs,Scogliere di Ragnatela
campaign.13.name,Gloomtide Pier,Pontile della Marea
campaign.14.name,Lanternless Alley,Vicolo Senza Lanterne
campaign.15.name,Cinder Orchard,Frutteto di Brace
campaign.16.name,Wraith Reservoir,Bacino degli Spettri
campaign.17.name,Thunder Terrace,Terrazza del Tuono
campaign.18.name,Frostbitten Fields,Campi Gelati
campaign.19.name,Smogspire,Guglia di Fumo
campaign.20.name,Mirror Marsh,Palude Specchio
campaign.21.name,Bonecog Citadel,Cittadella degli Ossingranaggi
campaign.22.name,Stormcrow Keep,Rocca dei Corvi di Tempesta
campaign.23.name,Hollow Sun,Sole Vuoto
campaign.24.name,The Long Night Wall,Il Muro della Lunga Notte
campaign.25.name,Gloomqueen's Throne,Trono della Regina d'Ombra
clan.badge,Badge,Stemma
clan.bot.0,Welcome! Have fun!,Benvenuto! Divertiti!
clan.bot.1,Who wants to attack together tonight?,Chi attacca stasera?
clan.bot.2,My Lobber finally reached level 5!,Il mio Lobber è finalmente al livello 5!
clan.bot.3,Tip: build walls around your storages.,Consiglio: metti le mura intorno ai depositi.
clan.bot.4,"Great raid, well done!","Bell'assalto, complimenti!"
clan.bot.5,Anyone up for the Gloomtide campaign?,Qualcuno sta facendo la campagna della Marea d'Ombra?
clan.bot.6,Remember to collect your mines!,Ricordatevi di raccogliere le miniere!
clan.bot.7,Lanterns up!,Lanterne in alto!
clan.browse,Join a clan,Unisciti a un clan
clan.chat.welcome,A new Lanternkeeper joined the clan!,Un nuovo Lanternaro è entrato nel clan!
clan.chat_placeholder,Write a message...,Scrivi un messaggio...
clan.create,Create clan,Crea clan
clan.desc.0,"Friendly clan, all are welcome!","Clan amichevole, tutti benvenuti!"
clan.desc.1,We attack every day. Active players only.,Attacchiamo ogni giorno. Solo giocatori attivi.
clan.desc.2,Keepers of the night lanterns.,Custodi delle lanterne notturne.
clan.desc.3,"Gears, sap and good company.","Ingranaggi, linfa e buona compagnia."
clan.description,Description,Descrizione
clan.join,Join,Entra
clan.join_fail,You can't join this clan (trophies or Clan Hall missing),Non puoi entrare in questo clan (trofei o Sala del Clan mancanti)
clan.leave,Leave,Esci
clan.name,Name,Nome
clan.name_short,The name is too short,Il nome è troppo corto
clan.need_hall,Build the Clan Hall (Mother Lantern Lv 4) to create or join a clan.,Costruisci la Sala del Clan (Faro Madre Lv 4) per creare o unirti a un clan.
clan.role.co,Co-leader,Vice
clan.role.leader,Leader,Capo
clan.role.member,Member,Membro
clan.send,Send,Invia
clan.title,Clan,Clan
clan.trophy_min,Min. trophies,Trofei minimi
daily.cast_spell,Cast %s spells,Lancia %s incantesimi
daily.clear_obstacle,Clear %s obstacles,Rimuovi %s ostacoli
daily.destroy_defense,Destroy %s defenses,Distruggi %s difese
daily.earn_stars,Earn %s stars,Ottieni %s stelle
daily.loot_cogs,Loot %s Cogs,Saccheggia %s Cogs
daily.spend_upgrade,Start %s upgrades,Avvia %s potenziamenti
daily.train_troops,Train %s troops,Addestra %s truppe
daily.win_attack,Win %s attack,Vinci %s attacco
desc.air_mine,Hidden mine that explodes near flying units.,Mina nascosta che esplode vicino alle unità volanti.
desc.arc_coil,Lightning that jumps between up to 3 ground units.,Un fulmine che salta tra fino a 3 unità di terra.
desc.army_camp,"Houses your army: more camps, bigger army.","Ospita il tuo esercito: più accampamenti, esercito più grande."
desc.ballista,"Very long range, hits ground and air.","Gittata lunghissima, colpisce terra e aria."
desc.barracks,Trains troops. Higher levels unlock new troops.,Addestra le truppe. I livelli più alti sbloccano nuove truppe.
desc.boltpost,"Reliable crossbow tower: hits ground and air, one target at a time.","Torre con balestra affidabile: colpisce terra e aria, un bersaglio alla volta."
desc.bomb_trap,Hidden bomb: explodes under ground troops.,Bomba nascosta: esplode sotto le truppe di terra.
desc.cinder_spout,Short range flamethrower with huge damage.,Lanciafiamme a corto raggio con danno enorme.
desc.clan_hall,Lets you create or join a clan.,Permette di creare un clan o di unirti a uno.
desc.cog_mine,"Digs up Cogs every hour, even while you are away. Tap it to collect.","Estrae Cogs ogni ora, anche quando non giochi. Toccala per raccogliere."
desc.cog_vault,Stores Cogs. Raiders can steal part of its content.,Conserva i Cogs. Gli assalitori possono rubarne una parte.
desc.frost_spire,Freezing blasts that slow all units in an area.,Raffiche gelide che rallentano tutte le unità in un'area.
desc.laboratory,"Researches stronger troop levels, one at a time.","Ricerca livelli più forti delle truppe, uno alla volta."
desc.lantern_hall,The heart of the village. Its level decides how many buildings you can have and how high they can go.,Il cuore del villaggio. Il suo livello decide quanti edifici puoi avere e fino a che livello.
desc.lobber,Lobs heavy shells that hit groups on the ground. Cannot hit units too close.,Lancia proiettili pesanti che colpiscono gruppi a terra. Non colpisce chi è troppo vicino.
desc.sap_cistern,Stores Sap. Raiders can steal part of its content.,Conserva la Sap. Gli assalitori possono rubarne una parte.
desc.sap_well,Pumps glowing Sap every hour. Tap it to collect.,Pompa la Sap luminosa ogni ora. Toccalo per raccogliere.
desc.shard_crate,Keeps your Starshards safe.,Custodisce i tuoi Starshards.
desc.shard_drill,Drills rare Starshards from the island's depths.,Estrae i rari Starshards dalle profondità dell'isola.
desc.skyspear,Fires spears at flying units only.,Scaglia lance solo contro le unità volanti.
desc.snare_trap,Hidden snare that freezes ground troops for a few seconds.,Laccio nascosto che immobilizza le truppe di terra per alcuni secondi.
desc.spell.fervor_surge,Troops in the area deal more damage and move faster.,Le truppe nell'area infliggono più danni e si muovono più veloci.
desc.spell.mending_mist,Heals all troops inside the area over time.,Cura nel tempo tutte le truppe nell'area.
desc.spell_forge,Brews spells to support your troops in battle.,Prepara incantesimi per sostenere le truppe in battaglia.
desc.spring_pad,Hidden spring that launches ground troops out of the village.,Molla nascosta che lancia fuori dal villaggio le truppe di terra.
desc.storm_pylon,Area lightning against flying squads.,Fulmini ad area contro gli stormi volanti.
desc.thumper,Slow but devastating hammer: crushes tanks.,Martello lento ma devastante: schiaccia i tank.
desc.troop.bulwark,Huge shield bearer: draws the fire of nearby defenses.,Enorme portatore di scudo: attira su di sé il fuoco delle difese vicine.
desc.troop.cogling,Cheerful all-rounder with a big wrench. Cheap and quick to train.,Tuttofare allegro con una grande chiave inglese. Economico e veloce da addestrare.
desc.troop.dirigible,Slow airship that drops bombs on defenses.,Lenta aeronave che sgancia bombe sulle difese.
desc.troop.ember_warden,"Elite knight: when wounded, flares up with Lantern Surge.",Cavaliere d'élite: quando è ferito si infiamma con l'Ondata della Lanterna.
desc.troop.kegger,Runs to the walls and blows them up.,Corre verso le mura e le fa saltare in aria.
desc.troop.kitewing,Flying kite that ignores walls.,Aquilone volante che ignora le mura.
desc.troop.magpie,Fast thief: targets resource buildings and deals double damage to them.,Ladra veloce: punta agli edifici delle risorse e infligge loro danno doppio.
desc.troop.mender,Flying lantern that heals ground troops around it.,Lanterna volante che cura le truppe di terra intorno a sé.
desc.troop.rustjaw,Leaps over walls and charges defenses.,Scavalca le mura e carica le difese.
desc.troop.slingwisp,"Floating wisp that hits from a distance, even flying targets.","Spiritello fluttuante che colpisce da lontano, anche bersagli volanti."
desc.wall,Slows down attackers. Upgrades are instant.,Rallenta gli assalitori. I potenziamenti sono istantanei.
dlg.buy_missing,You are missing some resources. Buy them for %d Glimmers?,Ti mancano delle risorse. Acquistarle per %d Glimmers?
dlg.cancel_job,Cancel this job? You will get back 50% of the resources.,Annullare il lavoro? Recupererai il 50% delle risorse.
dlg.speedup,Finish now for %d Glimmers?,Completare subito per %d Glimmers?
err.busy,Busy: already working,Occupato: già in lavorazione
err.hall_required,Upgrade the Mother Lantern first,Prima potenzia il Faro Madre
err.invalid_place,You can't place it there,Non puoi posizionarlo lì
err.limit,Limit reached for your Mother Lantern level,Limite raggiunto per il livello del Faro Madre
err.locked,Not unlocked yet,Non ancora sbloccato
err.max_level,Already at maximum level,Già al livello massimo
err.no_builder,All builders are busy,Tutti i costruttori sono occupati
err.no_glimmers,Not enough Glimmers,Glimmers insufficienti
err.no_resources,Not enough resources,Risorse insufficienti
err.no_space,Not enough space in the army camps,Spazio insufficiente negli accampamenti
err.no_space_map,No free space on the island,Nessuno spazio libero sull'isola
err.queue_full,The builder queue is full,La coda dei costruttori è piena
hud.army,Army,Esercito
hud.attack,ATTACK!,ATTACCA!
hud.clan,Clan,Clan
hud.log,Defense,Difese
hud.max,Max:,Max:
hud.quests,Goals,Obiettivi
hud.settings,Options,Opzioni
hud.shop,Shop,Negozio
lab.idle,No research in progress,Nessuna ricerca in corso
lab.req,Lab Lv %d,Lab Lv %d
lang.en,English,English
lang.it,Italiano,Italiano
league.beacon,Beacon,Falò
league.blaze,Blaze,Rogo
league.ember,Ember,Brace
league.flame,Flame,Fiamma
league.lighthouse,Lighthouse,Faro
league.spark,Spark,Scintilla
league.sunforge,Sunforge,Forgiasole
league.wick,Wick,Stoppino
leagues.bonus,+%d%% loot,+%d%% bottino
leagues.title,Leagues,Leghe
leagues.your,Your trophies: %s,I tuoi trofei: %s
log.ago,%s ago,%s fa
log.destruction,destruction %d%%,distruzione %d%%
log.empty,No attacks so far!,Nessun attacco subito. Per ora!
log.no_shield,No active shield,Nessuno scudo attivo
log.replay,Replay,Replay
log.shield,Shield active: %s,Scudo attivo: %s
log.title,Defense log,Registro difese
player.default_name,Lanternkeeper,Lanternaro
pref.allies,Allies (heals),Alleati (cura)
pref.any,Any building,Qualsiasi edificio
pref.defenses,Defenses,Difese
pref.resources,Resources,Risorse
pref.walls,Walls,Mura
quests.claim,Claim,Riscuoti
quests.claimed,Claimed,Riscosso
quests.completed,Completed!,Completato!
quests.daily_hint,Today's missions (renewed at midnight),Missioni di oggi (si rinnovano a mezzanotte)
quests.day,Day %d,Giorno %d
quests.tab.achievements,Achievements,Imprese
quests.tab.daily,Daily,Giornaliere
quests.title,Goals,Obiettivi
results.defeat,Defeat,Sconfitta
results.home,Return to village,Torna al villaggio
results.replay,Watch replay,Guarda il replay
results.victory,Victory!,Vittoria!
role.anti_defense,Anti-defense,Anti-difesa
role.elite,Elite,Élite
role.flyer,Flyer,Volante
role.healer,Healer,Guaritore
role.heavy_flyer,Heavy flyer,Volante pesante
role.looter,Looter,Saccheggiatore
role.melee_basic,Basic melee,Mischia base
role.ranged,Ranged,Distanza
role.tank,Tank,Tank
role.wall_breaker,Wall breaker,Distruttore di mura
settings.credits,Credits,Crediti
settings.credits_text,"Lanternreach by EroideGames. Original art and audio generated procedurally (CC0). Fonts: Lilita One (Juan Montoreano) and Nunito (The Nunito Project Authors), SIL Open Font License. Engine: Godot 4.3 (MIT).","Lanternreach di EroideGames. Grafica e audio originali generati proceduralmente (CC0). Font: Lilita One (Juan Montoreano) e Nunito (The Nunito Project Authors), licenza SIL Open Font. Motore: Godot 4.3 (MIT)."
settings.language,Language,Lingua
settings.music,Music,Musica
settings.name,Name,Nome
settings.q_high,High,Alta
settings.q_low,Low,Bassa
settings.quality,Graphics quality,Qualità grafica
settings.reset,Delete data,Cancella i dati
settings.reset_confirm1,Do you really want to delete all your progress?,Vuoi davvero cancellare tutti i progressi?
settings.reset_confirm2,Last confirmation: this cannot be undone.,Ultima conferma: l'operazione non si può annullare.
settings.reset_yes,Delete,Cancella
settings.sfx,Sound effects,Effetti sonori
settings.shake,Screen shake,Scossa dello schermo
settings.title,Settings,Impostazioni
shop.tab.army,Army,Esercito
shop.tab.defense,Defenses,Difese
shop.tab.economy,Economy,Economia
shop.tab.trap,Traps,Trappole
shop.title,Shop,Negozio
spell.fervor_surge,Fervor Surge,Ondata di Fervore
spell.mending_mist,Mending Mist,Nebbia Curativa
stat.army_capacity,Army capacity,Capacità esercito
stat.capacity,Capacity,Capacità
stat.clan_slots,Clan members,Membri del clan
stat.damage,Damage,Danno
stat.dps,Damage per second,Danno al secondo
stat.duration,Duration,Durata
stat.freeze_seconds,Freeze,Congelamento
stat.hp,Hitpoints,Punti vita
stat.launch_max_space,Launch capacity,Capacità di lancio
stat.max_troop_level,Max troop level,Livello max truppe
stat.preference,Favorite target,Bersaglio preferito
stat.prod,Production per hour,Produzione oraria
stat.radius,Radius,Raggio
stat.range,Range,Raggio
stat.speed,Speed,Velocità
stat.spell_slots,Spell slots,Slot incantesimi
stat.targets,Targets,Bersagli
stat.unlocks,Unlocks,Sblocca
targets.air,Air,Aria
targets.ground,Ground,Terra
targets.ground+air,Ground and air,Terra e aria
targets.none,-,-
time.d,d,g
time.h,h,h
time.m,m,m
time.s,s,s
toast.built,%s ready (Lv %d)!,%s pronto (Lv %d)!
toast.league,New league: %s!,Nuova lega: %s!
toast.level_up,Level %d reached!,Livello %d raggiunto!
toast.queued,Added to the builders' queue,Aggiunto alla coda dei costruttori
toast.research_done,Research complete: %s Lv %d,Ricerca completata: %s Lv %d
toast.walls_upgraded,%d walls upgraded,%d mura potenziate
troop.bulwark,Bulwark,Baluardo
troop.cogling,Cogling,Ingranello
troop.dirigible,Dirigible,Dirigibile
troop.ember_warden,Ember Warden,Custode di Brace
troop.kegger,Kegger,Barilotto
troop.kitewing,Kitewing,Cervolante
troop.magpie,Magpie,Gazza
troop.mender,Mender,Guaritrice
troop.rustjaw,Rustjaw,Zannaruggine
troop.slingwisp,Slingwisp,Fiondino
tut.attack,Attack! Choose the first Gloomtide village on the campaign map.,All'attacco! Scegli il primo villaggio della Marea d'Ombra sulla mappa della campagna.
tut.battle_deploy,"Select a troop below, then tap or drag on the free area around the village to deploy.","Seleziona una truppa in basso, poi tocca o trascina nell'area libera intorno al villaggio per schierarla."
tut.build_barracks,Time to train an army: build the Barracks (Shop > Army).,È ora di addestrare un esercito: costruisci la Caserma (Negozio > Esercito).
tut.build_defense,Great victory! Now protect the village: build a Boltpost (Shop > Defenses).,Grande vittoria! Ora proteggi il villaggio: costruisci un Boltpost (Negozio > Difese).
tut.build_mine,Open the Shop and build a Cog Mine: drag it where you like and confirm.,Apri il Negozio e costruisci una Miniera di Cogs: trascinala dove vuoi e conferma.
tut.build_well,Now we need Sap: build a Sap Well from the Shop.,Ora serve la Sap: costruisci un Pozzo di Sap dal Negozio.
tut.collect,"Mines fill up over time, even when the game is closed. Tap the Cog Mine to collect!","Le miniere si riempiono col tempo, anche a gioco chiuso. Tocca la Miniera di Cogs per raccogliere!"
tut.done,"You are ready, Lanternkeeper! Here are 50 Glimmers to start. Long press a building to move it. Good luck!","Sei pronto, Lanternaro! Ecco 50 Glimmers per iniziare. Tieni premuto un edificio per spostarlo. Buona fortuna!"
tut.hall_speed,This one too is on me: it will be ready in a moment!,Anche questo te lo regalo: sarà pronto in un attimo!
tut.skip,Skip tutorial,Salta il tutorial
tut.skip_confirm,Skip the tutorial?,Saltare il tutorial?
tut.train,Open the Army and train at least 5 Coglings.,Apri l'Esercito e addestra almeno 5 Ingranelli.
tut.upgrade_hall,Upgrading the Mother Lantern unlocks new buildings. Tap it and choose Upgrade.,Potenziare il Faro Madre sblocca nuovi edifici. Toccalo e scegli Potenzia.
tut.wait_build,Your builder is at work... this first job will be finished for free!,Il costruttore è al lavoro... questo primo lavoro lo completiamo gratis!
tut.welcome,"Welcome, Lanternkeeper! The Gloomtide has dimmed our island. Let's rebuild the village around the Mother Lantern together!","Benvenuto, Lanternaro! La Marea d'Ombra ha spento la nostra isola. Ricostruiamo insieme il villaggio attorno al Faro Madre!"
ui.back,Back,Indietro
ui.cells,cells,celle
ui.hall_short,Hall,Faro
ui.in_progress,In progress,In corso
ui.instant,Instant,Istantaneo
ui.lv,Lv,Lv
ui.max_level,Maximum level reached,Livello massimo raggiunto
ui.next,Next,Avanti
ui.no,No,No
ui.ok,OK,OK
ui.requires_hall,Requires Mother Lantern Lv %d,Richiede Faro Madre Lv %d
ui.time,Time,Tempo
ui.yes,Yes,Sì
